{"cameraMode":{"drawMode":0,"name":"Shaded","section":"Shading Mode"},"sceneLighting":true,"audioPlay":false,"sceneViewState":{"m_AlwaysRefresh":false,"showFog":true,"showSkybox":true,"showFlares":true,"showImageEffects":true,"showParticleSystems":true,"showVisualEffectGraphs":true,"m_FxEnabled":true},"in2DMode":false,"pivot":{"x":0.20732879638671876,"y":0.4586176872253418,"z":0.4327622652053833},"rotation":{"x":0.00916141364723444,"y":0.749561607837677,"z":-0.01032929215580225,"w":0.661812424659729},"size":2.1410820484161379,"orthographic":false}