{"cameraMode":{"drawMode":0,"name":"Shaded","section":"Shading Mode"},"sceneLighting":true,"audioPlay":false,"sceneViewState":{"m_AlwaysRefresh":false,"showFog":true,"showSkybox":true,"showFlares":true,"showImageEffects":true,"showParticleSystems":true,"showVisualEffectGraphs":true,"m_FxEnabled":true},"in2DMode":false,"pivot":{"x":0.20732879638671876,"y":0.4586176872253418,"z":0.4327622652053833},"rotation":{"x":0.37680569291114809,"y":0.5893582105636597,"z":-0.3595501482486725,"w":0.6176024079322815},"size":5.110909461975098,"orthographic":false}