{"cameraMode":{"drawMode":0,"name":"Shaded","section":"Shading Mode"},"sceneLighting":true,"audioPlay":false,"sceneViewState":{"m_AlwaysRefresh":false,"showFog":true,"showSkybox":true,"showFlares":true,"showImageEffects":true,"showParticleSystems":true,"showVisualEffectGraphs":true,"m_FxEnabled":true},"in2DMode":false,"pivot":{"x":-0.3056587278842926,"y":-0.7252882719039917,"z":-2.2349772453308107},"rotation":{"x":0.30122125148773196,"y":0.22598956525325776,"z":-0.0737156942486763,"w":0.9234681129455566},"size":13.194480895996094,"orthographic":false}