{"cameraMode":{"drawMode":0,"name":"Shaded","section":"Shading Mode"},"sceneLighting":true,"audioPlay":false,"sceneViewState":{"m_AlwaysRefresh":false,"showFog":true,"showSkybox":true,"showFlares":true,"showImageEffects":true,"showParticleSystems":true,"showVisualEffectGraphs":true,"m_FxEnabled":true},"in2DMode":false,"pivot":{"x":-0.29932844638824465,"y":1.3981802463531495,"z":1.6015281677246094},"rotation":{"x":0.07894650846719742,"y":0.697268009185791,"z":-0.07770656049251557,"w":0.7082462906837463},"size":2.602043390274048,"orthographic":false}