{"cameraMode":{"drawMode":0,"name":"Shaded","section":"Shading Mode"},"sceneLighting":false,"audioPlay":false,"sceneViewState":{"m_AlwaysRefresh":false,"showFog":true,"showSkybox":false,"showFlares":true,"showImageEffects":true,"showParticleSystems":true,"showVisualEffectGraphs":true,"m_FxEnabled":true},"in2DMode":false,"pivot":{"x":-0.9349669814109802,"y":0.2768867313861847,"z":-0.10374385863542557},"rotation":{"x":0.0998079851269722,"y":0.7314573526382446,"z":-0.10963466763496399,"w":0.6656007766723633},"size":0.8720797300338745,"orthographic":false}