{"cameraMode":{"drawMode":0,"name":"Shaded","section":"Shading Mode"},"sceneLighting":false,"audioPlay":false,"sceneViewState":{"m_AlwaysRefresh":false,"showFog":true,"showSkybox":false,"showFlares":true,"showImageEffects":true,"showParticleSystems":true,"showVisualEffectGraphs":true,"m_FxEnabled":true},"in2DMode":false,"pivot":{"x":0.20732879638671876,"y":0.4586176872253418,"z":0.4327622652053833},"rotation":{"x":0.16634786128997804,"y":0.669879138469696,"z":-0.15775203704833985,"w":0.7062167525291443},"size":0.7071068286895752,"orthographic":false}