{"cameraMode":{"drawMode":0,"name":"Shaded","section":"Shading Mode"},"sceneLighting":true,"audioPlay":false,"sceneViewState":{"m_AlwaysRefresh":false,"showFog":true,"showSkybox":false,"showFlares":true,"showImageEffects":true,"showParticleSystems":true,"showVisualEffectGraphs":true,"m_FxEnabled":true},"in2DMode":false,"pivot":{"x":-1.2620868682861329,"y":0.8159999847412109,"z":0.9240937829017639},"rotation":{"x":-0.0535070076584816,"y":-0.6666269302368164,"z":0.048083581030368808,"w":-0.7419251799583435},"size":3.6373064517974855,"orthographic":false}